记录ID,关联事项ID,统计或发生日期,记录日期,睡眠时长,运动次数,主观感受,异常情况,来源或凭证,备注
REC-001,EX-001,2026-10-01,2026-10-01,6.5,0,一般,未记录,日常记录/2026-10-07 十月第一周习惯记录/第一周作息回顾.md,教学模拟；仅本任务口径；空白表示未记录或不适用
REC-002,EX-001,2026-10-02,2026-10-02,7,1,一般,未记录,日常记录/2026-10-07 十月第一周习惯记录/第一周作息回顾.md,教学模拟；仅本任务口径；空白表示未记录或不适用
REC-003,EX-001,2026-10-03,2026-10-03,6,0,下午困倦,未记录,日常记录/2026-10-07 十月第一周习惯记录/第一周作息回顾.md,教学模拟；仅本任务口径；空白表示未记录或不适用
REC-004,EX-001,2026-10-04,2026-10-04,7,1,一般,未记录,日常记录/2026-10-07 十月第一周习惯记录/第一周作息回顾.md,教学模拟；仅本任务口径；空白表示未记录或不适用
REC-005,EX-001,2026-10-05,2026-10-05,6.5,0,一般,未记录,日常记录/2026-10-07 十月第一周习惯记录/第一周作息回顾.md,教学模拟；仅本任务口径；空白表示未记录或不适用
REC-006,EX-001,2026-10-06,2026-10-06,7.5,1,一般,未记录,日常记录/2026-10-07 十月第一周习惯记录/第一周作息回顾.md,教学模拟；仅本任务口径；空白表示未记录或不适用
REC-007,EX-001,2026-10-07,2026-10-07,7,0,一般,未记录,日常记录/2026-10-07 十月第一周习惯记录/第一周作息回顾.md,教学模拟；仅本任务口径；空白表示未记录或不适用
REC-008,EX-002,2026-10-08,2026-10-08,7,0,一般,未记录,日常记录/2026-10-14 十月第二周习惯记录/十月第二周习惯记录结果.md,教学模拟；本任务新增记录；按本表字段单位及统计范围核对
REC-009,EX-002,2026-10-09,2026-10-09,7,1,一般,未记录,日常记录/2026-10-14 十月第二周习惯记录/十月第二周习惯记录结果.md,教学模拟；本任务新增记录；按本表字段单位及统计范围核对
REC-010,EX-002,2026-10-10,2026-10-10,6.5,0,一般,未记录,日常记录/2026-10-14 十月第二周习惯记录/十月第二周习惯记录结果.md,教学模拟；本任务新增记录；按本表字段单位及统计范围核对
REC-011,EX-002,2026-10-11,2026-10-11,7,1,一般,未记录,日常记录/2026-10-14 十月第二周习惯记录/十月第二周习惯记录结果.md,教学模拟；本任务新增记录；按本表字段单位及统计范围核对
REC-012,EX-002,2026-10-12,2026-10-12,7,0,一般,未记录,日常记录/2026-10-14 十月第二周习惯记录/十月第二周习惯记录结果.md,教学模拟；本任务新增记录；按本表字段单位及统计范围核对
REC-013,EX-002,2026-10-13,2026-10-13,7.5,1,一般,未记录,日常记录/2026-10-14 十月第二周习惯记录/十月第二周习惯记录结果.md,教学模拟；本任务新增记录；按本表字段单位及统计范围核对
REC-014,EX-002,2026-10-14,2026-10-14,7,0,一般,未记录,日常记录/2026-10-14 十月第二周习惯记录/十月第二周习惯记录结果.md,教学模拟；本任务新增记录；按本表字段单位及统计范围核对
