记录ID,关联事项ID,统计或发生日期,日期,账户,收支类别,金额,对方或用途,来源或凭证,备注
REC-001,EX-001,2026-10-05,2026-10-05,工资账户,收入,18000,工资,月度/2026-10-31 十月收支复盘/十月账单摘录.md,教学模拟；每行一笔交易；金额为人民币元；账户转账不计收入或消费
REC-002,EX-001,2026-10-06,2026-10-06,支付账户,支出,7000,房租,月度/2026-10-31 十月收支复盘/十月账单摘录.md,教学模拟；每行一笔交易；金额为人民币元；账户转账不计收入或消费
REC-003,EX-001,2026-10-08,2026-10-08,支付账户,支出,2000,家庭采购,月度/2026-10-31 十月收支复盘/十月账单摘录.md,教学模拟；每行一笔交易；金额为人民币元；账户转账不计收入或消费
REC-004,EX-001,2026-10-16,2026-10-16,支付账户,支出,1200,餐饮,月度/2026-10-31 十月收支复盘/十月账单摘录.md,教学模拟；每行一笔交易；金额为人民币元；账户转账不计收入或消费
REC-005,EX-001,2026-10-22,2026-10-22,支付账户,支出,800,日用品,月度/2026-10-31 十月收支复盘/十月账单摘录.md,教学模拟；每行一笔交易；金额为人民币元；账户转账不计收入或消费
REC-006,EX-001,2026-10-24,2026-10-24,支付账户,支出,700,交通,月度/2026-10-31 十月收支复盘/十月账单摘录.md,教学模拟；每行一笔交易；金额为人民币元；账户转账不计收入或消费
REC-007,EX-001,2026-10-28,2026-10-28,支付账户,支出,300,水电通信,月度/2026-10-31 十月收支复盘/十月账单摘录.md,教学模拟；每行一笔交易；金额为人民币元；账户转账不计收入或消费
REC-008,EX-002,2026-11-05,2026-11-05,工资账户,收入,18500,工资,月度/2026-11-30 十一月收支复盘/十一月收支复盘结果.md,教学模拟；每行一笔交易；金额为人民币元；账户转账不计收入或消费
REC-009,EX-002,2026-11-06,2026-11-06,支付账户,支出,7000,房租,月度/2026-11-30 十一月收支复盘/十一月收支复盘结果.md,教学模拟；每行一笔交易；金额为人民币元；账户转账不计收入或消费
REC-010,EX-002,2026-11-12,2026-11-12,支付账户,支出,2400,采购,月度/2026-11-30 十一月收支复盘/十一月收支复盘结果.md,教学模拟；每行一笔交易；金额为人民币元；账户转账不计收入或消费
REC-011,EX-002,2026-11-19,2026-11-19,支付账户,支出,1600,餐饮日用品,月度/2026-11-30 十一月收支复盘/十一月收支复盘结果.md,教学模拟；每行一笔交易；金额为人民币元；账户转账不计收入或消费
REC-012,EX-002,2026-11-24,2026-11-24,支付账户,支出,1200,交通,月度/2026-11-30 十一月收支复盘/十一月收支复盘结果.md,教学模拟；每行一笔交易；金额为人民币元；账户转账不计收入或消费
REC-013,EX-002,2026-11-28,2026-11-28,支付账户,支出,400,通信水电,月度/2026-11-30 十一月收支复盘/十一月收支复盘结果.md,教学模拟；每行一笔交易；金额为人民币元；账户转账不计收入或消费
